{
  "loss": [
    0.24703918397426605,
    0.14349037408828735,
    0.13736408948898315,
    0.13366442918777466,
    0.1305978000164032,
    0.12838409841060638,
    0.12636788189411163,
    0.1243429109454155,
    0.12225359678268433,
    0.12047343701124191,
    0.11857032775878906,
    0.11669401079416275,
    0.11451801657676697,
    0.11268188059329987,
    0.11098993569612503,
    0.10960371047258377
  ],
  "val_loss": [
    0.14370395243167877,
    0.13937179744243622,
    0.13706977665424347,
    0.13208886981010437,
    0.13370546698570251,
    0.13216061890125275,
    0.1297268271446228,
    0.12702329456806183,
    0.1266152411699295,
    0.13159368932247162,
    0.12562377750873566,
    0.12729273736476898,
    0.1265259087085724,
    0.13510964810848236,
    0.12606680393218994,
    0.12640710175037384
  ]
}