{
  "loss": [
    0.341052770614624,
    0.21357178688049316,
    0.2048327922821045,
    0.20035411417484283,
    0.19530050456523895,
    0.1914319097995758,
    0.1867275834083557,
    0.1822928637266159,
    0.17770303785800934,
    0.17378908395767212,
    0.17087259888648987
  ],
  "val_loss": [
    0.3054102659225464,
    0.2800034284591675,
    0.24996893107891083,
    0.2337363213300705,
    0.23271815478801727,
    0.23036812245845795,
    0.23070576786994934,
    0.2340237945318222,
    0.23538805544376373,
    0.24103449285030365,
    0.2611773908138275
  ]
}